<?xml version="1.0" encoding="UTF-8"?>
<jcr:root xmlns:sling="http://sling.apache.org/jcr/sling/1.0" xmlns:cq="http://www.day.com/jcr/cq/1.0" xmlns:jcr="http://www.jcp.org/jcr/1.0" xmlns:nt="http://www.jcp.org/jcr/nt/1.0"
    jcr:isCheckedOut="{Boolean}false"
    jcr:primaryType="cq:WorkflowModel"
    jcr:uuid="a5c57c48-5749-488c-88e2-b727260a8d96"
    sling:resourceType="cq/workflow/components/model"
    description="No Description"
    title="AEM Task Workflow">
    <metaData
        cq:generatingPage="/conf/global/settings/workflow/models/aemtask-workflow/jcr:content"
        cq:lastModified="{Long}1548843654459"
        cq:lastModifiedBy="admin"
        jcr:primaryType="nt:unstructured"/>
    <nodes jcr:primaryType="nt:unstructured">
        <node0
            jcr:primaryType="cq:WorkflowNode"
            title="Start"
            type="START">
            <metaData jcr:primaryType="nt:unstructured"/>
        </node0>
        <node1
            jcr:primaryType="cq:WorkflowNode"
            title="New added page review"
            type="PARTICIPANT">
            <metaData
                jcr:primaryType="nt:unstructured"
                PARTICIPANT="administrators"/>
        </node1>
        <node2
            jcr:primaryType="cq:WorkflowNode"
            title="OR_SPLIT"
            type="OR_SPLIT">
            <metaData jcr:primaryType="nt:unstructured"/>
        </node2>
        <node3
            jcr:primaryType="cq:WorkflowNode"
            title="OR_JOIN"
            type="OR_JOIN">
            <metaData jcr:primaryType="nt:unstructured"/>
        </node3>
        <node4
            jcr:primaryType="cq:WorkflowNode"
            description="A no operation process"
            title="No Operation"
            type="PROCESS">
            <metaData
                jcr:primaryType="nt:unstructured"
                PROCESS="/libs/workflow/scripts/noop.ecma"
                PROCESS_AUTO_ADVANCE="true"/>
        </node4>
        <node5
            jcr:primaryType="cq:WorkflowNode"
            description="A participant step that is using a dialog for completion."
            title="Dialog Participant - Path to Move Entering"
            type="PARTICIPANT">
            <metaData
                jcr:primaryType="nt:unstructured"
                DIALOG_PATH="/apps/aemtask/workflow/dialogs/path"
                PARTICIPANT="administrators"/>
        </node5>
        <node6
            jcr:primaryType="cq:WorkflowNode"
            title="Process - Move Node"
            type="PROCESS">
            <metaData
                jcr:primaryType="nt:unstructured"
                PROCESS="com.aemtask.core.workflow.steps.MoveNodeProcessStep"
                PROCESS_AUTO_ADVANCE="true"/>
        </node6>
        <node7
            jcr:primaryType="cq:WorkflowNode"
            title="End"
            type="END">
            <metaData jcr:primaryType="nt:unstructured"/>
        </node7>
    </nodes>
    <transitions jcr:primaryType="nt:unstructured">
        <node0_x0023_node1
            jcr:primaryType="cq:WorkflowTransition"
            from="node0"
            rule=""
            to="node1">
            <metaData jcr:primaryType="nt:unstructured"/>
        </node0_x0023_node1>
        <node1_x0023_node2
            jcr:primaryType="cq:WorkflowTransition"
            from="node1"
            to="node2">
            <metaData jcr:primaryType="nt:unstructured"/>
        </node1_x0023_node2>
        <node2_x0023_node4
            jcr:primaryType="cq:WorkflowTransition"
            from="node2"
            rule="function check() {&#xd;&#xa;    var path = workflowData.getPayload().toString();&#xd;&#xa;    var node = jcrSession.getNode(path);&#xd;&#xa;    return node.hasProperty(&quot;jcr:content/pathToMove&quot;);&#xd;&#xa;}"
            to="node4">
            <metaData
                jcr:primaryType="nt:unstructured"
                isDefault="false"/>
        </node2_x0023_node4>
        <node4_x0023_node3
            jcr:primaryType="cq:WorkflowTransition"
            from="node4"
            to="node3">
            <metaData jcr:primaryType="nt:unstructured"/>
        </node4_x0023_node3>
        <node2_x0023_node5
            jcr:primaryType="cq:WorkflowTransition"
            from="node2"
            rule="function check() {&#xd;&#xa;    var path = workflowData.getPayload().toString();&#xd;&#xa;    var node = jcrSession.getNode(path);&#xd;&#xa;    return !node.hasProperty(&quot;jcr:content/pathToMove&quot;);&#xd;&#xa;}"
            to="node5">
            <metaData
                jcr:primaryType="nt:unstructured"
                isDefault="false"/>
        </node2_x0023_node5>
        <node5_x0023_node3
            jcr:primaryType="cq:WorkflowTransition"
            from="node5"
            to="node3">
            <metaData jcr:primaryType="nt:unstructured"/>
        </node5_x0023_node3>
        <node3_x0023_node6
            jcr:primaryType="cq:WorkflowTransition"
            from="node3"
            rule=""
            to="node6">
            <metaData jcr:primaryType="nt:unstructured"/>
        </node3_x0023_node6>
        <node6_x0023_node7
            jcr:primaryType="cq:WorkflowTransition"
            from="node6"
            to="node7">
            <metaData jcr:primaryType="nt:unstructured"/>
        </node6_x0023_node7>
    </transitions>
</jcr:root>
